#Non-coding Variant Report
#2021-10-20 14:20:48.551862
#CRAVAT version: hybrid
#Analysis done at http://www.cravat.us.
#Job Id: magalhae_20211020_101055
#Input file: HS_ALL_IDR_filtered.vcf
#This report shows analysis results at variant level.
#hg38 genomic.
#N/A
#For more information on CRAVAT, visit http://www.cravat.us.

Input line	ID	Chromosome	Position	Strand	Reference base(s)	Alternate base(s)	Sample ID	HUGO symbol	Sequence ontology	Protein sequence change	ClinVar	COSMIC ID	COSMIC variant count (tissue)	Number of samples with variant	dbSNP	ESP6500 AF (average)	gnomAD AF Total	gnomAD AF African	gnomAD AF American	gnomAD AF Ashkenazi Jewish	gnomAD AF East Asian	gnomAD AF Finnish	gnomAD AF Non-Finnish European	gnomAD AF Other	gnomAD AF South Asian	GWAS NHLBI Key (GRASP)	GWAS PMID (GRASP)	GWAS Phenotype (GRASP)	Protein 3D variant	In TCGA Mutation Cluster	ncRNA Class	ncRNA Name	Pseudogene	Pseudogene Transcript	Repeat Class	Repeat Family	Repeat Name	TARGET	1000 Genomes AF	UTR/Intron	UTR/Intron Gene	UTR/Intron All Transcript	Phred	VCF filters	Zygosity	Alternate reads	Total reads	Variant allele frequency	VEST p-value	VEST FDR	CGL driver class
818	rs531394731	chr1	61918038	+	C	T	No_Sample_Data	Non-Coding						1	rs531394731	0.0	0.000436522371772				0.00689223057644		7.44269127717e-05												SINE	Alu	AluSg		0.000399361	intron	INADL	ENST00000371158.6(intron),ENST00000613764.4(intron)									
819	rs561916505	chr1	61918047	+	-	T	No_Sample_Data	Non-Coding						1		0.0																			SINE	Alu	AluSg		0	intron	INADL	ENST00000371158.6(intron),ENST00000613764.4(intron)									
820	rs528906186_1	chr1	61918053	+	A	-	No_Sample_Data	Non-Coding						1		0.0																			SINE	Alu	AluSg		0	intron	INADL	ENST00000371158.6(intron),ENST00000613764.4(intron)									
821	rs528906186_2	chr1	61918053	+	-	A	No_Sample_Data	Non-Coding						1		0.0																			SINE	Alu	AluSg		0	intron	INADL	ENST00000371158.6(intron),ENST00000613764.4(intron)									
1154	COSV59127172	chr1	148749433	+	-	C	No_Sample_Data	Non-Coding						1		0.0																	NUDT4P1	ENST00000322209.3					0												
1703	rs538848900	chr1	205074192	+	C	T	No_Sample_Data	Non-Coding						1	rs538848900	0.0																							0.000399361	3' UTR	CNTN2	ENST00000331830.4(3' UTR)									
1745	rs549794012	chr1	210677350	+	TTGAGACCAGCCTGGGCAA	-	No_Sample_Data	Non-Coding						1	rs549794012	0.0	0.000395387149918	0.000231910946197			0.00622665006227														SINE	Alu	FLAM_C		0.00139776	2k upstream	KCNH1	ENST00000413764.6(2k downstream),ENST00000541565.5(2k downstream),ENST00000537898.5(2k downstream),ENST00000545154.5(2k downstream),ENST00000261458.7(2k downstream),ENST00000367010.5(2k downstream),ENST00000367009.2(2k downstream),ENST00000271751.8(2k upstream)									
3276	rs137974827	chr11	62574816	+	G	A	No_Sample_Data	Non-Coding						1	rs137974827	0.0	0.0011731782131	0.0115004011768	0.00052849825189				0.00010522834551																0.00579073	2k upstream	TUT1	ENST00000308436.11(2k upstream),ENST00000476907.5(2k upstream),ENST00000329251.4(2k downstream)									
3277	rs562638266_1	chr11	62574834	+	G	A	No_Sample_Data	Non-Coding						1		0.0																							0	2k upstream	TUT1	ENST00000308436.11(2k upstream),ENST00000476907.5(2k upstream),ENST00000329251.4(2k downstream)									
3278	rs562638266_2	chr11	62574834	+	G	C	No_Sample_Data	Non-Coding						1	rs562638266	0.0	6.11269361957e-06	6.6889632107e-05																					0.000199681	2k upstream	TUT1	ENST00000308436.11(2k upstream),ENST00000476907.5(2k upstream),ENST00000329251.4(2k downstream)									
3723	COSV104723117	chr11	94528168	+	T	A	No_Sample_Data	Non-Coding						1		0.0															lincRNA	TCONS_l2_00004721:3							0												
3731	rs549251979	chr11	95051243	+	C	T	No_Sample_Data	Non-Coding						1	rs549251979	0.0																							0.000199681												
3732	rs183022018_1	chr11	95051251	+	C	G	No_Sample_Data	Non-Coding						1	rs183022018	0.0	0.000322997416021	0.000687285223368	0.00477326968974																				0.00139776												
3733	rs183022018_2	chr11	95051251	+	C	T	No_Sample_Data	Non-Coding						1		0.0	6.45994832041e-05				0.000616522811344		6.67022411953e-05																0												
3973	rs551252373	chr11	125955858	+	C	T	No_Sample_Data	Non-Coding						1	rs551252373	0.0																							0.000199681	5' UTR	CDON	ENST00000531738.5(2k upstream),ENST00000392693.7(5' UTR)									
3993	COSV100777258	chr11	130234061	+	-	TA	No_Sample_Data	Non-Coding						1		0.0																							0	intron	ZBTB44	ENST00000525842.5(5' UTR),ENST00000397753.5(intron),ENST00000357899.8(intron),ENST00000530205.5(intron)									
5505	rs139400796	chr14	22053018	+	C	T	No_Sample_Data	Non-Coding						1	rs139400796	0.0	8.69459370164e-06				0.00011798017933																		0.000199681				.	.							
6639	rs575902274_1	chr15	90263126	+	A	-	No_Sample_Data	Non-Coding						1		0.0																	TTLL13P,TTLL13P	ENST00000617037.4,ENST00000438251.2					0												
6640	rs575902274_2	chr15	90263126	+	-	A	No_Sample_Data	Non-Coding						1		0.0	0.00606173487529	0.00151006711409	0.00353982300885	0.00371900826446		0.00551398188263	0.0104651659476	0.00490797546012	0.00361328125								TTLL13P,TTLL13P	ENST00000617037.4,ENST00000438251.2					0												
6641	rs370383700_1	chr15	90264058	+	C	G	No_Sample_Data	Non-Coding						1	rs370383700	0.0	0.000380375137184	6.70510929328e-05			0.00511442441054			0.000217864923747															0.00119808	2k upstream	NGRN	ENST00000379095.4(2k upstream)									
6642	rs370383700_2	chr15	90264058	+	C	T	No_Sample_Data	Non-Coding						1	rs370383700	0.0	1.54566672334e-05								8.88257239297e-05														0.000599042	2k upstream	NGRN	ENST00000379095.4(2k upstream)									
7127	rs116317239	chr16	30063964	+	G	T	No_Sample_Data	Non-Coding						1	rs116317239	0.0	0.00142100503811	0.00503663003663																					0.000998403	5' UTR	ALDOA	ENST00000569545.5(2k upstream),ENST00000563060.6(2k upstream),ENST00000412304.6(2k upstream),ENST00000564546.5(2k upstream),ENST00000338110.9(5' UTR),ENST00000627059.2(5' UTR),ENST00000395248.5(5' UTR),ENST00000566897.5(5' UTR),ENST00000564595.6(2k upstream),ENST00000569798.5(2k upstream),ENST00000395240.7(2k upstream)									
7128	COSV57632855	chr16	30064438	+	ATTT	-	No_Sample_Data	Non-Coding						1		0.0																							0	5' UTR	ALDOA	ENST00000412304.6(2k upstream),ENST00000564546.5(2k upstream),ENST00000564595.6(2k upstream),ENST00000569798.5(2k upstream),ENST00000395240.7(2k upstream),ENST00000563060.6(5' UTR),ENST00000338110.9(5' UTR),ENST00000627059.2(5' UTR),ENST00000395248.5(5' UTR),ENST00000566897.5(5' UTR),ENST00000569545.5(5' UTR)									
7232	COSV51668251	chr16	53979437	+	G	A	No_Sample_Data	Non-Coding						1		0.0																			LINE	L1	L1M5		0	intron	FTO	ENST00000471389.5(intron),ENST00000431610.6(intron),ENST00000460382.5(intron),ENST00000463855.1(intron)									
7507	rs554656570	chr16	75660577	+	G	A	No_Sample_Data	Non-Coding						1	rs554656570	0.0	0.000258247788753	0.000801832760596					6.66045024644e-05																0.000798722												
7508	rs371132558	chr16	75660592	+	G	-	No_Sample_Data	Non-Coding						1		0.0																							0												
7699	1168430	chr17	4898894	+	-	G	No_Sample_Data	Non-Coding						1		0.0																							0	intron	CHRNE	ENST00000453408.7(2k downstream),ENST00000521575.1(2k upstream),ENST00000381365.3(2k upstream),ENST00000355280.10(2k downstream),ENST00000347992.11(2k downstream),ENST00000293780.4(intron)									
7700	680256;COSV53416602	chr17	4898961	+	GCCTCTGCCTCGCTCCACCC	-	No_Sample_Data	Non-Coding						1	rs147753790	0.0495066	0.163754344568	0.0272350503256	0.141968589644	0.137903038738	0.524494068388	0.129419035847	0.0859462267827	0.142107387969	0.350588331427														0	intron	CHRNE	ENST00000453408.7(2k downstream),ENST00000521575.1(2k upstream),ENST00000381365.3(2k upstream),ENST00000355280.10(2k downstream),ENST00000347992.11(2k downstream),ENST00000293780.4(intron)									
7701	419903	chr17	4898969	+	CTCGCTCCACCCGCCTCTGG	-	No_Sample_Data	Non-Coding						1	rs780277856	0.0																							0	intron	CHRNE	ENST00000453408.7(2k downstream),ENST00000521575.1(2k upstream),ENST00000381365.3(2k upstream),ENST00000355280.10(2k downstream),ENST00000347992.11(2k downstream),ENST00000293780.4(intron)									
7702	663330	chr17	4898986	+	TGGCTCCTGTCCCACCTCGCCGG	-	No_Sample_Data	Non-Coding						1		0.0	3.23394347067e-05						6.67913438418e-05																0	intron	CHRNE	ENST00000453408.7(2k downstream),ENST00000521575.1(2k upstream),ENST00000381365.3(2k upstream),ENST00000355280.10(2k downstream),ENST00000347992.11(2k downstream),ENST00000293780.4(intron)									
7703	COSV99545297	chr17	4898994	+	G	A	No_Sample_Data	Non-Coding						1	rs779261310	0.0	1.01727330064e-05		3.50508236944e-05				1.16327765111e-05																0	intron	CHRNE	ENST00000453408.7(2k downstream),ENST00000521575.1(2k upstream),ENST00000381365.3(2k upstream),ENST00000355280.10(2k downstream),ENST00000347992.11(2k downstream),ENST00000293780.4(intron)									
8475	COSV53617701	chr17	58660625	+	C	T	No_Sample_Data	Non-Coding						1		0.0																	CTD-2200P10.1	ENST00000583666.1					0	intron	TEX14	ENST00000389934.7(intron),ENST00000240361.12(intron),ENST00000349033.9(intron)									
8871	rs1568381299	chr18	47402	+	-	C	No_Sample_Data	Non-Coding						1		0.0															lincRNA	TCONS_l2_00011910:1	TUBB8P12	ENST00000308911.8	Simple_repeat	Simple_repeat	(CCT)n		0				.	.							
8872	COSV58266448	chr18	47404	+	-	C	No_Sample_Data	Non-Coding						1		0.0	0.00025056719301	0.000160944206009	3.51419735732e-05				0.000511865031429	0.000180245133381							lincRNA	TCONS_l2_00011910:1	TUBB8P12	ENST00000308911.8	Simple_repeat	Simple_repeat	(CCT)n		0				.	.							
8873	rs570652443	chr18	47405	+	-	C	No_Sample_Data	Non-Coding						1		0.0															lincRNA	TCONS_l2_00011910:1	TUBB8P12	ENST00000308911.8	Simple_repeat	Simple_repeat	(CCT)n		0				.	.							
8874	rs774102370_1	chr18	47411	+	A	G	No_Sample_Data	Non-Coding						1	rs774102370	0.0	2.88422712327e-05								0.000211550666385						lincRNA	TCONS_l2_00011910:1	TUBB8P12	ENST00000308911.8	Simple_repeat	Simple_repeat	(CCT)n		0				.	.							
8875	rs774102370_2	chr18	47411	+	A	T	No_Sample_Data	Non-Coding						1		0.0	4.80704520545e-06						1.08866051211e-05								lincRNA	TCONS_l2_00011910:1	TUBB8P12	ENST00000308911.8	Simple_repeat	Simple_repeat	(CCT)n		0				.	.							
8876	rs1435674653	chr18	47416	+	-	T	No_Sample_Data	Non-Coding						1		0.0															lincRNA	TCONS_l2_00011910:1	TUBB8P12	ENST00000308911.8	Simple_repeat	Simple_repeat	(CCT)n		0				.	.							
8877	rs1568381369	chr18	47417	+	-	CTCC	No_Sample_Data	Non-Coding						1		0.0															lincRNA	TCONS_l2_00011910:1	TUBB8P12	ENST00000308911.8	Simple_repeat	Simple_repeat	(CCT)n		0				.	.							
8878	rs772013863	chr18	47417	+	-	C	No_Sample_Data	Non-Coding						1		0.0															lincRNA	TCONS_l2_00011910:1	TUBB8P12	ENST00000308911.8	Simple_repeat	Simple_repeat	(CCT)n		0				.	.							
8879	rs539747485	chr18	47419	+	-	T	No_Sample_Data	Non-Coding						1		0.0															lincRNA	TCONS_l2_00011910:1	TUBB8P12	ENST00000308911.8	Simple_repeat	Simple_repeat	(CCT)n		0				.	.							
8880	rs780088014	chr18	47420	+	-	C	No_Sample_Data	Non-Coding						1		0.0															lincRNA	TCONS_l2_00011910:1	TUBB8P12	ENST00000308911.8	Simple_repeat	Simple_repeat	(CCT)n		0				.	.							
8881	rs776582707	chr18	47426	+	-	C	No_Sample_Data	Non-Coding						1		0.0															lincRNA	TCONS_l2_00011910:1	TUBB8P12	ENST00000308911.8	Simple_repeat	Simple_repeat	(CCT)n		0				.	.							
8882	rs761689313	chr18	47429	+	-	C	No_Sample_Data	Non-Coding						1		0.0															lincRNA	TCONS_l2_00011910:1	TUBB8P12	ENST00000308911.8	Simple_repeat	Simple_repeat	(CCT)n		0				.	.							
8883	rs1274269408	chr18	47431	+	-	T	No_Sample_Data	Non-Coding						1		0.0															lincRNA	TCONS_l2_00011910:1	TUBB8P12	ENST00000308911.8	Simple_repeat	Simple_repeat	(CCT)n		0				.	.							
9340	rs569246855_1	chr19	1533845	+	G	A	No_Sample_Data	Non-Coding						1		0.0																			Low_complexity	Low_complexity	G-rich		0	intron	PLK5	ENST00000454744.6(intron),ENST00000334770.8(intron),ENST00000588430.2(intron)									
9341	rs569246855_2	chr19	1533845	+	G	T	No_Sample_Data	Non-Coding						1	rs569246855	0.0																			Low_complexity	Low_complexity	G-rich		0.000199681	intron	PLK5	ENST00000454744.6(intron),ENST00000334770.8(intron),ENST00000588430.2(intron)									
9380	rs34542565	chr19	3593149	+	C	-	No_Sample_Data	Non-Coding						1		0.0																							0	3' UTR	GIPC3	ENST00000322315.5(3' UTR),ENST00000375190.8(2k upstream),ENST00000589966.1(2k upstream),ENST00000411851.3(2k upstream)									
9474	COSV61827421	chr19	7019217	+	C	A	No_Sample_Data	Non-Coding						1		0.0																							0												
9475	rs538600994	chr19	7019459	+	G	C	No_Sample_Data	Non-Coding						1	rs538600994	0.0	1.37114024022e-05				0.000113352981183																		0.000199681												
9582	rs553612908	chr19	12457546	+	C	T	No_Sample_Data	Non-Coding						1	rs553612908	0.0																			SINE	Alu	AluJb		0.00159744				.	.							
9889	rs535680136	chr19	35744704	+	T	-	No_Sample_Data	Non-Coding						1		0.0																							0	intron	U2AF1L4	ENST00000587708.6(2k upstream),ENST00000591949.1(2k upstream),ENST00000222266.2(2k upstream),ENST00000378975.7(intron),ENST00000292879.9(intron),ENST00000412391.6(intron)									
10072	COSV61530115	chr19	41908264	+	-	G	No_Sample_Data	Non-Coding						1		0.0	3.24296277079e-05						6.69971861182e-05																0	2k downstream	ARHGEF1	ENST00000354532.7(2k downstream),ENST00000599846.5(2k downstream),ENST00000347545.8(2k downstream),ENST00000378152.8(2k downstream),ENST00000337665.8(2k downstream)	.	.							
10352	COSV55484302	chr19	49018009	+	C	A	No_Sample_Data	Non-Coding						1		0.0																							0	2k downstream	LHB	ENST00000221421.6(2k downstream),ENST00000391869.4(2k downstream)									
10545	COSV100787862	chr19	55157704	+	C	A	No_Sample_Data	Non-Coding						1		0.0																							0	3' UTR	TNNI3	ENST00000455045.5(2k upstream),ENST00000524407.6(2k upstream),ENST00000527223.6(2k upstream),ENST00000391720.8(2k upstream),ENST00000588882.1(2k downstream),ENST00000344887.9(3' UTR)									
11284	COSV105365203	chr2	131362966	+	G	T	No_Sample_Data	Non-Coding						1		0.0																	AC073869.1,AC073869.1	ENST00000623617.1,ENST00000484914.1					0												
11285	COSV104719163	chr2	131363005	+	G	C	No_Sample_Data	Non-Coding						1		0.0																	AC073869.1,AC073869.1	ENST00000623617.1,ENST00000484914.1					0												
11286	COSV72151667	chr2	131363037	+	G	T	No_Sample_Data	Non-Coding						1		0.0																	AC073869.1,AC073869.1	ENST00000623617.1,ENST00000484914.1					0												
11287	rs549741083	chr2	131363122	+	GTTT	-	No_Sample_Data	Non-Coding						1		0.0																	AC073869.1,AC073869.1	ENST00000623617.1,ENST00000484914.1					0												
11288	rs371826107	chr2	131363126	+	G	A	No_Sample_Data	Non-Coding						1	rs371826107	0.000764525	0.000117132022431	0.00136448916937															AC073869.1,AC073869.1	ENST00000623617.1,ENST00000484914.1					0.000998403												
11864	COSV57979731	chr2	241719562	+	G	T	No_Sample_Data	Non-Coding						1		0.0																							0	intron	ING5	ENST00000313552.10(intron),ENST00000406941.5(intron)									
11865	COSV100546001	chr2	241719612	+	-	C	No_Sample_Data	Non-Coding						1		0.0																							0	intron	ING5	ENST00000313552.10(intron),ENST00000406941.5(intron)									
11866	COSV57979420	chr2	241720078	+	A	T	No_Sample_Data	Non-Coding						1		0.0																							0	intron	ING5	ENST00000313552.10(intron),ENST00000406941.5(intron)									
11867	rs540981930	chr2	241720095	+	G	A	No_Sample_Data	Non-Coding						1	rs540981930	0.0																							0.000399361	intron	ING5	ENST00000313552.10(intron),ENST00000406941.5(intron)									
12299	COSV61938500	chr20	58691432	+	A	-	No_Sample_Data	Non-Coding						1		0.0	1.11341216291e-05		6.41025641026e-05																LINE	L2	L2a		0	intron	NPEPL1	ENST00000525967.5(intron),ENST00000525817.5(intron),ENST00000356091.10(2k upstream)									
12816	rs538889565_1	chr22	22031297	+	A	C	No_Sample_Data	Non-Coding						1	rs538889565	0.0	4.10509031199e-06	6.54107796965e-05																					0.000199681				.	.							
12817	rs538889565_2	chr22	22031297	+	A	G	No_Sample_Data	Non-Coding						1	rs538889565	0.0																							0				.	.							
12818	rs538889565_3	chr22	22031297	+	A	T	No_Sample_Data	Non-Coding						1	rs538889565	0.0																							0				.	.							
12819	rs552922857_1	chr22	22031311	+	C	G	No_Sample_Data	Non-Coding						1	rs552922857	0.0	1.23159787508e-05		2.97831784608e-05		5.79979120752e-05		9.16523078051e-06																0.000399361				.	.							
12820	rs552922857_2	chr22	22031311	+	C	T	No_Sample_Data	Non-Coding						1	rs552922857	0.0	1.23159787508e-05			0.000101667344449			1.8330461561e-05																0				.	.							
12821	rs567096325;COSV66503515_1	chr22	22162550	+	C	G	No_Sample_Data	Non-Coding						1	rs567096325	0.0	1.23141588198e-05			0.000203417412531			9.15885111372e-06																0.000199681												
12822	rs567096325;COSV66503515_2	chr22	22162550	+	C	T	No_Sample_Data	Non-Coding						1	rs567096325	0.0	8.20943921321e-06		2.97867270344e-05				9.15885111372e-06																0												
12823	COSV105327582	chr22	22162667	+	G	A	No_Sample_Data	Non-Coding						1		0.0																							0												
12824	rs142518943_1	chr22	22196247	+	C	G	No_Sample_Data	Non-Coding						1	rs142518943	0.0	8.21382222003e-06			0.00010175010175			9.15885111372e-06																0				.	.							
12825	rs142518943_2	chr22	22196247	+	C	T	No_Sample_Data	Non-Coding						1	rs142518943	0.0	1.64276444401e-05		5.95663569216e-05	0.0002035002035																			0.000399361				.	.							
12826	COSV66504150	chr22	22196250	+	C	A	No_Sample_Data	Non-Coding						1	rs745825730	0.0	4.10799086383e-06						9.15985783901e-06																0												
12827	COSV101135398	chr22	22202131	+	T	A	No_Sample_Data	Non-Coding						1		0.0																							0												
12828	rs192915377;COSV66504674_1	chr22	22202146	+	C	G	No_Sample_Data	Non-Coding						1	rs192915377	0.0	8.22787934638e-06						9.18442321822e-06		3.25266718709e-05														0												
12829	rs192915377;COSV66504674_2	chr22	22202146	+	C	T	No_Sample_Data	Non-Coding						1	rs192915377	0.00551933	0.00913761896421	0.00200066688896	0.00305285805664	0.000197941409343		0.026447183648	0.0124154409984	0.00932256059664	0.00237444704658														0.00299521												
12830	rs111629190_1	chr22	22215239	+	C	G	No_Sample_Data	Non-Coding						1	rs111629190	0.0																							0												
12831	rs111629190_2	chr22	22215239	+	C	T	No_Sample_Data	Non-Coding						1	rs111629190	0.0	1.23723585015e-05				5.79979120752e-05		1.8437937901e-05																0.000199681												
12832	rs6001415;COSV66504808_1	chr22	22215250	+	T	A	No_Sample_Data	Non-Coding						1		0.0																							0												
12833	rs6001415;COSV66504808_2	chr22	22215250	+	T	C	No_Sample_Data	Non-Coding						1		0.0	4.1399981784e-06		2.9891791714e-05																				0												
12834	rs6001415;COSV66504808_3	chr22	22215250	+	T	G	No_Sample_Data	Non-Coding						1	rs6001415	0.703152	0.661032439932	0.773406208278	0.555814767293	0.555006055713	0.651056599766	0.800951563841	0.636724222186	0.645650813517	0.714850127343														0.709465												
12836	rs374791046_1	chr22	22322833	+	A	C	No_Sample_Data	Non-Coding						1	rs374791046	0.0	1.8053800325e-05			9.86193293886e-05			3.15990709873e-05																0				.	.							
12837	rs374791046_2	chr22	22322833	+	A	G	No_Sample_Data	Non-Coding						1	rs374791046	0.0001835535	3.25155668276e-05						7.16768806222e-05																0.000399361				.	.							
12838	rs374791046_3	chr22	22322833	+	A	T	No_Sample_Data	Non-Coding						1	rs374791046	0.0	4.06444585345e-06					4.48430493274e-05																	0				.	.							
12839	rs551184530_1	chr22	22322905	+	G	A	No_Sample_Data	Non-Coding						1	rs551184530	0.0	3.96994391552e-05	0.000333250020828					2.36903201352e-05																0.000599042				.	.							
12840	rs551184530_2	chr22	22322905	+	G	C	No_Sample_Data	Non-Coding						1		0.0																							0				.	.							
12841	rs551184530_3	chr22	22322905	+	G	T	No_Sample_Data	Non-Coding						1	rs551184530	0.0	4.06259648667e-06						8.9565606807e-06																0				.	.							
12842	rs61731666_1	chr22	22322940	+	C	A	No_Sample_Data	Non-Coding						1		0.0																							0				.	.							
12843	rs61731666_2	chr22	22322940	+	C	T	No_Sample_Data	Non-Coding						1	rs61731666	0.0135066345	0.00342445939105	0.0299341282415	0.00267426312424	0.00733254062624		0.00011655011655	0.000340513145391	0.00155086848635	0.000227716330514														0.0117812				.	.							
12844	rs539397324	chr22	22327730	+	C	-	No_Sample_Data	Non-Coding						1		0.0																							0				.	.							
12845	rs368425130_1	chr22	22353363	+	T	A	No_Sample_Data	Non-Coding						1	rs368425130	0.0	8.2799963568e-06			0.000103928497194			9.22253988749e-06																0.000199681				.	.							
12846	rs368425130_2	chr22	22353363	+	T	C	No_Sample_Data	Non-Coding						1	rs368425130	6.07535e-05	4.1399981784e-06						9.22253988749e-06																0				.	.							
12847	rs544843542_1	chr22	22358242	+	G	A	No_Sample_Data	Non-Coding						1		0.0																							0				.	.							
12848	rs544843542_2	chr22	22358242	+	G	C	No_Sample_Data	Non-Coding						1	rs544843542	0.0																							0.000399361				.	.							
12849	rs544843542_3	chr22	22358242	+	G	T	No_Sample_Data	Non-Coding						1		0.0	4.08139943024e-06							0.000182882223848															0				.	.							
12850	rs528122298_1	chr22	22376349	+	C	A	No_Sample_Data	Non-Coding						1		0.0																							0				.	.							
12851	rs528122298_2	chr22	22376349	+	C	G	No_Sample_Data	Non-Coding						1		0.0																							0				.	.							
12852	rs528122298_3	chr22	22376349	+	C	T	No_Sample_Data	Non-Coding						1	rs528122298	0.0	1.23068844712e-05	6.54364611962e-05		0.000101708706265			9.14980053435e-06																0.000399361				.	.							
12853	rs566195615_1	chr22	22376435	+	T	C	No_Sample_Data	Non-Coding						1	rs566195615	0.0	4.10364157153e-06			0.000101667344449																			0				.	.							
12854	rs566195615_2	chr22	22376435	+	T	G	No_Sample_Data	Non-Coding						1	rs566195615	0.0																							0.000199681				.	.							
12855	rs61731385_1	chr22	22376475	+	T	C	No_Sample_Data	Non-Coding						1	rs61731385	0.0172548	0.00263667749501	0.0285	0.000900743840074				3.2213900298e-05	0.000776638707673															0.00938498				.	.							
12856	rs61731385_2	chr22	22376475	+	T	G	No_Sample_Data	Non-Coding						1	rs61731385	0.0																							0				.	.							
12857	rs189370797_1	chr22	22376478	+	C	G	No_Sample_Data	Non-Coding						1	rs189370797	0.0	7.28427616148e-06			0.000197511356903																			0				.	.							
12858	rs189370797_2	chr22	22376478	+	C	T	No_Sample_Data	Non-Coding						1	rs189370797	0.0	4.10525883657e-06	6.54364611962e-05																					0.000399361				.	.							
12859	rs544739530_1	chr22	22376490	+	G	A	No_Sample_Data	Non-Coding						1	rs544739530	0.0	1.23213405619e-05		2.97867270344e-05				1.83375204005e-05																0				.	.							
12860	rs544739530_2	chr22	22376490	+	G	C	No_Sample_Data	Non-Coding						1	rs544739530	0.0	4.10711352062e-06						9.16876020025e-06																0				.	.							
12861	rs544739530_3	chr22	22376490	+	G	T	No_Sample_Data	Non-Coding						1	rs544739530	0.0																							0.000399361				.	.							
12862	rs370884145	chr22	22410254	+	C	T	No_Sample_Data	Non-Coding						1	rs370884145	0.0003832395	5.43021807756e-05	0.000541441066222					1.58997678634e-05																0.000399361				.	.							
12864	rs142973607	chr22	22594944	+	C	T	No_Sample_Data	Non-Coding						1	rs142973607	0.0	0.00165371138001		0.00174347649213		0.0200445434298		1.61111021605e-05	0.000310559006211	0.00038983821714														0.00219649				.	.							
12865	rs566336675_1	chr22	22687136	+	A	C	No_Sample_Data	Non-Coding						1		0.0	4.10401208221e-06		2.97796307326e-05																				0				.	.							
12866	rs566336675_2	chr22	22687136	+	A	G	No_Sample_Data	Non-Coding						1	rs566336675	0.0	4.10401208221e-06			0.00010175010175																			0.000199681				.	.							
12867	rs566336675_3	chr22	22687136	+	A	T	No_Sample_Data	Non-Coding						1		0.0																							0				.	.							
12868	rs535851941_1	chr22	22687145	+	G	A	No_Sample_Data	Non-Coding						1	rs535851941	0.0	8.20782205442e-06			0.00010183299389			9.15667063456e-06																0.000399361				.	.							
12869	rs535851941_2	chr22	22687145	+	G	C	No_Sample_Data	Non-Coding						1	rs535851941	0.0	8.20782205442e-06		2.97796307326e-05				9.15667063456e-06																0				.	.							
12870	rs535851941_3	chr22	22687145	+	G	T	No_Sample_Data	Non-Coding						1		0.0																							0				.	.							
12871	rs374625408_1	chr22	22687169	+	C	A	No_Sample_Data	Non-Coding						1	rs374625408	0.0	0.00012750176681	0.0014174935379	2.90562529056e-05																				0.000399361				.	.							
12872	rs374625408_2	chr22	22687169	+	C	G	No_Sample_Data	Non-Coding						1	rs374625408	0.0	5.74575839907e-05								0.00045481125333														0				.	.							
12873	rs374625408_3	chr22	22687169	+	C	T	No_Sample_Data	Non-Coding						1	rs374625408	0.0003802145	9.10726905787e-05	0.000583673809722	5.81125058113e-05				5.63934003609e-05		6.497303619e-05														0				.	.							
12874	rs573074207_1	chr22	22687206	+	T	A	No_Sample_Data	Non-Coding						1		0.0	4.10441635199e-06		2.9781404491e-05																				0				.	.							
12875	rs573074207_2	chr22	22687206	+	T	C	No_Sample_Data	Non-Coding						1		0.0	4.10441635199e-06						9.15952223932e-06																0				.	.							
12876	rs573074207_3	chr22	22687206	+	T	G	No_Sample_Data	Non-Coding						1	rs573074207	0.0																							0.000199681				.	.							
12877	rs567556649_1	chr22	22687249	+	C	A	No_Sample_Data	Non-Coding						1	rs567556649	0.0	8.21672432068e-06				5.80248346292e-05		9.17195582786e-06																0.000199681				.	.							
12878	rs567556649_2	chr22	22687249	+	C	G	No_Sample_Data	Non-Coding						1	rs567556649	0.0	1.82307428663e-05	8.34794223224e-05	2.90646980178e-05	0.000198491464867																			0				.	.							
12879	rs567556649_3	chr22	22687249	+	C	T	No_Sample_Data	Non-Coding						1	rs567556649	0.0	2.4650172962e-05		8.93495353824e-05	0.000102312257008	5.80248346292e-05		9.17195582786e-06																0				.	.							
12880	rs542050253_1	chr22	22687257	+	C	A	No_Sample_Data	Non-Coding						1	rs542050253	0.0	4.10978045553e-06						9.17633240346e-06																0				.	.							
12881	rs542050253_2	chr22	22687257	+	C	G	No_Sample_Data	Non-Coding						1		0.0	4.10978045553e-06						9.17633240346e-06																0				.	.							
12882	rs542050253_3	chr22	22687257	+	C	T	No_Sample_Data	Non-Coding						1	rs542050253	0.0	4.10978045553e-06	6.54107796965e-05																					0.000199681				.	.							
12883	rs577856662_1	chr22	22698391	+	C	A	No_Sample_Data	Non-Coding						1		0.0																							0				.	.							
12884	rs577856662_2	chr22	22698391	+	C	G	No_Sample_Data	Non-Coding						1	rs577856662	0.0																							0				.	.							
12885	rs577856662_3	chr22	22698391	+	C	T	No_Sample_Data	Non-Coding						1	rs577856662	0.0	3.27780489048e-05			9.8833761613e-05		0.000271401985112	8.0414294445e-06																0.000399361				.	.							
12886	rs546879129_1	chr22	22721013	+	A	C	No_Sample_Data	Non-Coding						1	rs546879129	0.0	8.21112443138e-06	6.57202944269e-05				4.48470714862e-05																	0.000599042				.	.							
12887	rs546879129_2	chr22	22721013	+	A	G	No_Sample_Data	Non-Coding						1	rs546879129	0.0	1.09361329834e-05		2.90832945556e-05				1.6102800277e-05																0				.	.							
12888	rs546879129_3	chr22	22721013	+	A	T	No_Sample_Data	Non-Coding						1		0.0	4.10556221569e-06			0.000101936799185																			0				.	.							
12889	rs376292689_1	chr22	22721062	+	C	A	No_Sample_Data	Non-Coding						1	rs376292689	6.0445e-05	8.38540793187e-05					7.75374118012e-05	0.000169131149125																0				.	.							
12890	rs376292689_2	chr22	22721062	+	C	T	No_Sample_Data	Non-Coding						1	rs376292689	0.0	8.2140920964e-06			0.000101978380583	5.80315691736e-05																		0.000199681				.	.							
12891	rs557895030_1	chr22	22772436	+	T	A	No_Sample_Data	Non-Coding						1	rs557895030	0.0	4.10670871936e-06				5.80315691736e-05																		0.000199681				.	.							
12892	rs557895030_2	chr22	22772436	+	T	C	No_Sample_Data	Non-Coding						1		0.0	8.21341743873e-06		2.97920514807e-05						3.24907401391e-05														0				.	.							
12893	rs371079017	chr22	22772470	+	C	T	No_Sample_Data	Non-Coding						1	rs371079017	0.0001266465	0.000324656374938	0.000209170013387	0.000116292592162		0.00382125039805		8.06868060935e-06	0.000778816199377	6.49857031453e-05														0.000399361				.	.							
12894	rs567235608	chr22	22819641	+	T	-	No_Sample_Data	Non-Coding						1	rs567235608	0.0001366865	0.000346184680417		0.00209314495029				0.000153122078592	0.000622083981337															0.000599042				.	.							
12895	rs559956832_1	chr22	22881251	+	T	A	No_Sample_Data	Non-Coding						1		0.0																							0				.	.							
12896	rs559956832_2	chr22	22881251	+	T	C	No_Sample_Data	Non-Coding						1		0.0	2.0541304455e-05	6.55909746819e-05	2.97973778308e-05				2.75052718438e-05																0				.	.							
12897	rs559956832_3	chr22	22881251	+	T	G	No_Sample_Data	Non-Coding						1	rs559956832	0.0	4.108260891e-06	6.55909746819e-05																					0.000599042				.	.							
12898	rs73164939_1	chr22	22881252	+	C	A	No_Sample_Data	Non-Coding						1	rs73164939	0.0	4.11180829105e-06				5.80517821897e-05																		0				.	.							
12899	rs73164939_2	chr22	22881252	+	C	G	No_Sample_Data	Non-Coding						1	rs73164939	0.0	0.000135004962345	0.000250815149235	0.000203772706102	0.000595592614652	0.000106123315292		0.000104919938017		9.75229178857e-05														0.00259585				.	.							
12900	rs73164939_3	chr22	22881252	+	C	T	No_Sample_Data	Non-Coding						1	rs73164939	0.0003189295	0.000156897658941	0.000376222723853	0.000232883092687	0.000496327178876	0.000212246630585		0.000129132231405		3.25076392952e-05														0.00479233				.	.							
12901	rs554055200_1	chr22	22881362	+	T	A	No_Sample_Data	Non-Coding						1	rs554055200	0.0	4.10961155952e-06						9.17296543627e-06																0				.	.							
12902	rs554055200_2	chr22	22881362	+	T	C	No_Sample_Data	Non-Coding						1	rs554055200	0.0	1.23288346785e-05		2.98062593145e-05				1.83459308725e-05																0.000199681				.	.							
12903	rs554055200_3	chr22	22881362	+	T	G	No_Sample_Data	Non-Coding						1	rs554055200	0.0																							0				.	.							
12904	rs373828762_1	chr22	22881365	+	C	A	No_Sample_Data	Non-Coding						1	rs373828762	0.0	4.11045617843e-06			0.000102145045965																			0.000599042				.	.							
12905	rs373828762_2	chr22	22881365	+	C	G	No_Sample_Data	Non-Coding						1	rs373828762	0.0	2.46627370706e-05	6.56685053848e-05		0.000102145045965			2.75269764369e-05	0.000183553597651															0.000599042				.	.							
12906	rs373828762_3	chr22	22881365	+	C	T	No_Sample_Data	Non-Coding						1	rs373828762	0.000236072	2.05522808921e-05	6.56685053848e-05	2.98044825942e-05				2.75269764369e-05																0				.	.							
12907	rs561818703_1	chr22	22881368	+	T	A	No_Sample_Data	Non-Coding						1	rs561818703	0.0	4.11001693327e-06	6.56254101588e-05																					0				.	.							
12908	rs561818703_2	chr22	22881368	+	T	C	No_Sample_Data	Non-Coding						1	rs561818703	0.0	4.11001693327e-06	6.56254101588e-05																					0.000599042				.	.							
12909	rs561818703_3	chr22	22881368	+	T	G	No_Sample_Data	Non-Coding						1	rs561818703	0.0																							0				.	.							
13818	rs147930596	chr3	88467366	+	A	-	No_Sample_Data	Non-Coding						1		0.0															lincRNA,lincRNA	TCONS_00006911:2,TCONS_00006125:2							0												
13819	rs7635824_1	chr3	88467516	+	G	A	No_Sample_Data	Non-Coding						1	rs7635824	0.0	0.621249353337	0.270493685419	0.799522673031	0.649006622517	0.701863354037	0.814825414997	0.75283446712	0.741836734694							lincRNA,lincRNA	TCONS_00006911:2,TCONS_00006125:2							0.592452												
13820	rs7635824_2	chr3	88467516	+	G	C	No_Sample_Data	Non-Coding						1		0.0															lincRNA,lincRNA	TCONS_00006911:2,TCONS_00006125:2							0												
13821	rs7635824_3	chr3	88467516	+	G	T	No_Sample_Data	Non-Coding						1		0.0															lincRNA,lincRNA	TCONS_00006911:2,TCONS_00006125:2							0												
14032	COSV67756003	chr3	127197340	+	C	T	No_Sample_Data	Non-Coding						1		0.0																							0												
14033	COSV105330495	chr3	127197377	+	C	A	No_Sample_Data	Non-Coding						1		0.0																							0												
14081	rs537318753	chr3	135259276	+	C	T	No_Sample_Data	Non-Coding						1	rs537318753	0.0																							0.000199681	3' UTR	EPHB1	ENST00000398015.7(3' UTR),ENST00000493838.1(3' UTR)									
14164	rs146229698	chr3	150871091	+	C	T	No_Sample_Data	Non-Coding						1	rs146229698	0.0	0.000739509356932	0.00745970427601	0.000203334688898				1.50448336041e-05	0.000429553264605	4.43419652359e-05						lincRNA	TCONS_l2_00020222:1	RP11-166N6.1,RP11-166N6.1	ENST00000465419.5,ENST00000623030.1					0.00219649												
14165	rs566724067;COSV67404295	chr3	150871131	+	G	A	No_Sample_Data	Non-Coding						1	rs566724067	0.0	3.06038756748e-05				8.6670133472e-05	0.000191864927091		0.000214961306965	4.43419652359e-05						lincRNA	TCONS_l2_00020222:1	RP11-166N6.1,RP11-166N6.1	ENST00000465419.5,ENST00000623030.1					0.000199681												
14345	COSV104667582	chr3	193668331	+	C	T	No_Sample_Data	Non-Coding						1		0.0																							0	intron	OPA1	ENST00000361150.6(intron),ENST00000361510.6(intron),ENST00000361715.6(intron),ENST00000361828.6(intron),ENST00000361908.7(intron),ENST00000392438.7(intron)									
15369	COSV72345417	chr5	77118428	+	G	T	No_Sample_Data	Non-Coding						1		0.0																							0												
15462	rs60906034_2	chr5	113049030	+	-	TCACTGGGCAG	No_Sample_Data	Non-Coding						1		0.0																							0	intron	MCC	ENST00000302475.8(intron),ENST00000515367.6(intron),ENST00000408903.6(intron)									
16455	COSV52490671	chr6	43269773	+	C	A	No_Sample_Data	Non-Coding						1		0.0																							0	intron	TTBK1	ENST00000259750.8(intron)									
16682	COSV72031813	chr6	89921144	+	C	A	No_Sample_Data	Non-Coding						1		0.0															lincRNA	TCONS_00011337:2							0												
17139	rs575023192	chr6	169433371	+	G	A	No_Sample_Data	Non-Coding						1	rs575023192	0.0																			LINE	L1	L1PA8		0.000199681				.	.							
17156	rs1450478924	chr7	291195	+	G	T	No_Sample_Data	Non-Coding						1		0.0																							0												
17157	rs1416579805	chr7	291334	+	C	-	No_Sample_Data	Non-Coding						1		0.0															lincRNA	TCONS_l2_00025570:1							0												
17158	rs1562415302	chr7	291339	+	G	-	No_Sample_Data	Non-Coding						1		0.0															lincRNA	TCONS_l2_00025570:1							0												
17159	rs1340143998	chr7	291343	+	A	-	No_Sample_Data	Non-Coding						1		0.0															lincRNA	TCONS_l2_00025570:1							0												
17160	rs1216616396_1	chr7	291351	+	C	-	No_Sample_Data	Non-Coding						1		0.0															lincRNA	TCONS_l2_00025570:1							0												
17161	rs1216616396_2	chr7	291351	+	-	C	No_Sample_Data	Non-Coding						1		0.0															lincRNA	TCONS_l2_00025570:1							0												
17162	rs1277416531	chr7	291392	+	C	-	No_Sample_Data	Non-Coding						1		0.0															lincRNA	TCONS_l2_00025570:1							0												
17163	COSV72563145;rs1259016827_1	chr7	291435	+	G	C	No_Sample_Data	Non-Coding						1		0.0															lincRNA	TCONS_l2_00025570:1							0												
17164	COSV72563145;rs1259016827_2	chr7	291435	+	G	T	No_Sample_Data	Non-Coding						1		0.0															lincRNA	TCONS_l2_00025570:1							0												
17165	rs1170996330	chr7	291484	+	TGTGA	-	No_Sample_Data	Non-Coding						1		0.0															lincRNA	TCONS_l2_00025570:1							0												
17777	rs113743381	chr7	111801721	+	G	A	No_Sample_Data	Non-Coding						1	rs113743381	0.0	0.102920317063	0.314819621074	0.0243055555556				0.00100351229303	0.0227963525836											SINE	Alu	AluY		0.0898562	intron	DOCK4	ENST00000428084.5(intron),ENST00000437633.5(intron)									
17893	rs569854643	chr7	142512039	+	GA	-	No_Sample_Data	Non-Coding						1		0.0																							0				.	.							
17919	rs545781974	chr7	143510992	+	T	-	No_Sample_Data	Non-Coding						1	rs545781974	0.0	0.00562995353922	0.000663423264042	0.0062893081761			0.0136208853575	0.00715155203895	0.00456204379562															0.00219649				.	.							
17920	rs536292729	chr7	143511243	+	C	T	No_Sample_Data	Non-Coding						1	rs536292729	0.0																							0.000199681				.	.							
17984	rs1433333134	chr8	1772961	+	AATCACTC	-	No_Sample_Data	Non-Coding						1		0.0																							0	intron	CLN8	ENST00000331222.4(intron)									
18637	rs147586569	chr8	123467082	+	GT	-	No_Sample_Data	Non-Coding						1	rs377138870	0.0																			SINE	Alu	AluSz6		0												
18879	COSV99955404	chr9	33462196	+	T	-	No_Sample_Data	Non-Coding						1		0.0																							0	5' UTR	NOL6	ENST00000353159.6(5' UTR),ENST00000379470.5(5' UTR),ENST00000297990.8(5' UTR)									
18944	rs372715963	chr9	36003059	+	C	T	No_Sample_Data	Non-Coding						1	rs372715963	0.0	0.000583393916548							0.000197784810127	0.00660319410319														0.00239617				.	.							
18961	rs527927845	chr9	38543321	+	G	A	No_Sample_Data	Non-Coding						1	rs527927845	0.0	1.80349155966e-05				0.000259875259875												RP11-392E22.5	ENST00000504791.1					0.000199681				.	.							
19303	rs139424439	chr9	134029565	+	G	-	No_Sample_Data	Non-Coding						1		0.0																							0	2k upstream	BRD3	ENST00000303407.11(2k upstream)									
19304	rs201654609	chr9	134029594	+	GT	-	No_Sample_Data	Non-Coding						1	rs376079198	0.0																							0	2k upstream	BRD3	ENST00000303407.11(2k upstream)									
19678	COSV100944931	chrX	53266991	+	C	A	No_Sample_Data	Non-Coding						1		0.0																							0	intron	IQSEC2	ENST00000396435.7(intron),ENST00000375365.2(intron)									
19970	COSV101639695	chrX	111519074	+	G	T	No_Sample_Data	Non-Coding						1		0.0															lincRNA	TCONS_00016921:3							0												
